codigo_agencia,nome,endereco,cidade,estado,telefone
7210,Agência 7210,"Alameda Sousa, 43",Teixeira,AM,84 6528-1685
9674,Agência 9674,"Colônia de Rocha, 719",Macedo,ES,+55 (031) 5423 5733
3137,Agência 3137,Chácara Cunha,Sales,PA,+55 84 2141 8880
1468,Agência 1468,"Trevo de Alves, 738",Alves do Norte,RJ,(081) 9296 2229
8069,Agência 8069,"Trecho Agatha Abreu, 66",Vieira do Norte,MG,+55 (041) 7065-3794
7544,Agência 7544,"Favela Teixeira, 21",Fogaça da Praia,PE,(041) 3834-7359
1836,Agência 1836,"Morro Ferreira, 840",Casa Grande de Goiás,AP,(031) 7468-8623
4851,Agência 4851,"Parque Barros, 649",Nunes da Serra,MG,0500-240-7581
7353,Agência 7353,"Campo Aparecida, 24",Cavalcanti,MA,41 1412-4782
1201,Agência 1201,"Colônia Garcia, 67",Pimenta,SC,(021) 1375-0606
4072,Agência 4072,"Morro Otto Rios, 31",Pinto de Goiás,MT,21 5361-5305
5123,Agência 5123,"Feira de Castro, 56",Pacheco de Casa Grande,ES,+55 41 5220 4727
3942,Agência 3942,"Sítio de Câmara, 40",Martins,MT,(041) 9010-4328
3116,Agência 3116,"Largo Guerra, 41",Marques Paulista,SP,0500-861-4341
1405,Agência 1405,"Largo de Cunha, 86",Martins,CE,+55 (071) 3697 1179
5535,Agência 5535,"Conjunto Thales Souza, 784",Rocha da Prata,AP,61 0893-2460
2118,Agência 2118,"Núcleo Pedro Lucas Carvalho, 171",Barbosa,PE,0800-539-6218
6213,Agência 6213,"Distrito Pires, 26",Ferreira de Pastor,RS,21 1888 8806
6536,Agência 6536,"Trevo Maria Helena Moura, 18",Porto das Pedras,AM,(071) 0654-0515
3091,Agência 3091,"Condomínio de Rodrigues, 245",Marques da Mata,PE,+55 41 1952-0585
9529,Agência 9529,"Esplanada Maria Abreu, 38",Gomes,PE,+55 (051) 7722-1704
3162,Agência 3162,"Vereda da Rosa, 393",Caldeira de da Costa,DF,+55 (081) 0305-4868
1674,Agência 1674,"Setor Vasconcelos, 609",Oliveira da Praia,SP,(071) 4034-5054
4090,Agência 4090,"Condomínio Fonseca, 13",Sampaio da Mata,MS,+55 71 5667 6527
3512,Agência 3512,"Chácara de Barros, 91",Ribeiro,MS,11 5841-6169
9619,Agência 9619,"Conjunto Ribeiro, 38",da Mota do Sul,SC,+55 (061) 8451-1544
8122,Agência 8122,"Trevo de Lima, 48",Pereira,TO,(041) 9627-5705
8101,Agência 8101,"Passarela Evelyn Macedo, 471",da Paz de Vasconcelos,RS,0800-640-1658
5880,Agência 5880,"Loteamento Almeida, 483",Pereira,TO,+55 (031) 0297-0213
7671,Agência 7671,Vereda Araújo,Câmara do Oeste,BA,21 5690 9275
4971,Agência 4971,"Área Farias, 9",Rocha Grande,ES,31 7192 8565
5996,Agência 5996,"Viaduto Maria Vitória Cunha, 829",Pires,AM,+55 84 3102-7868
9209,Agência 9209,"Pátio Mateus Brito, 7",das Neves,BA,+55 71 4473 9473
7594,Agência 7594,"Pátio Maria Helena Siqueira, 2",Andrade de Pacheco,GO,+55 71 2172 7155
5997,Agência 5997,Loteamento Henrique da Cruz,Siqueira Grande,DF,+55 (084) 8844 2258
5026,Agência 5026,"Setor Machado, 36",da Rocha,CE,+55 21 1323-7058
2277,Agência 2277,"Feira Dom Macedo, 910",Souza das Pedras,RN,0500 578 2911
4397,Agência 4397,"Chácara Sá, 72",Costa,BA,(041) 6786 6912
5772,Agência 5772,"Favela Isadora Araújo, 16",Viana,SP,(051) 1778 5289
6319,Agência 6319,"Quadra Allana Lima, 472",Moura do Galho,SP,+55 (061) 2680-1824
1722,Agência 1722,"Avenida Pacheco, 105",Cavalcante Paulista,RS,+55 (041) 2535-8414
6187,Agência 6187,Recanto de Montenegro,da Rocha de Souza,AP,+55 (081) 8424-9818
1971,Agência 1971,"Esplanada de Araújo, 212",Camargo dos Dourados,CE,+55 (041) 9922-9959
5430,Agência 5430,"Viela da Costa, 41",Casa Grande,SP,+55 (061) 0109 4396
4522,Agência 4522,"Área de Pinto, 7",Rocha,RS,0900-078-4473
2515,Agência 2515,"Travessa de Moreira, 44",Novais da Praia,PR,71 4710 2767
2199,Agência 2199,"Largo de da Costa, 36",Vieira,PB,(061) 3592-5556
4123,Agência 4123,"Lagoa de Marques, 11",Albuquerque Paulista,SP,+55 81 5881 5371
7273,Agência 7273,"Travessa de Brito, 9",Marques,RJ,+55 81 7321-0469
5981,Agência 5981,"Jardim de Cardoso, 41",Rocha Paulista,SP,84 3259 5327
6891,Agência 6891,"Esplanada Luna Nogueira, 99",Porto da Praia,RJ,31 7747-0168
1714,Agência 1714,Sítio de da Rosa,Rocha,PB,(051) 3395-0047
6840,Agência 6840,"Conjunto da Luz, 2",Melo,RO,0300-748-0162
8316,Agência 8316,"Distrito de da Mata, 49",Pinto,RJ,+55 71 5650-6098
3913,Agência 3913,"Favela Vinícius Montenegro, 14",Pimenta de Goiás,RS,+55 (071) 5841-6878
4593,Agência 4593,Praça de da Mota,Porto,RS,+55 84 9912-1655
4415,Agência 4415,Loteamento Vargas,Sampaio de da Rosa,RN,84 5239-8680
1257,Agência 1257,"Jardim de Castro, 78",Camargo Grande,MT,+55 (061) 0257 8729
8118,Agência 8118,"Condomínio Barbosa, 18",Andrade,RS,31 2595-2694
1698,Agência 1698,"Trecho Juan Lopes, 50",Monteiro do Campo,MT,0900 588 8794
5127,Agência 5127,"Morro Costela, 61",da Costa,BA,(071) 0551-6940
4255,Agência 4255,"Pátio de Pinto, 33",Gomes,PB,0300-749-9309
8409,Agência 8409,"Pátio Alves, 75",Freitas de Rios,AP,(081) 2896-2309
7554,Agência 7554,"Feira de da Mata, 71",Pastor Grande,PR,+55 61 3075 6263
5996,Agência 5996,"Recanto Câmara, 67",Rezende do Campo,PB,81 8970 2838
4972,Agência 4972,"Fazenda Alves, 66",Pimenta de Jesus,RS,(061) 7865 2785
6764,Agência 6764,"Ladeira Ferreira, 668",Andrade da Praia,MA,71 5497-3348
6832,Agência 6832,Jardim Cavalcanti,Macedo,SE,(031) 3443 7575
5284,Agência 5284,"Área Henrique Peixoto, 65",da Costa de Fonseca,GO,84 4419-8665
2335,Agência 2335,"Rodovia de Camargo, 49",Rodrigues,RJ,+55 (011) 4041-5747
8237,Agência 8237,"Praça Abreu, 683",Nogueira da Praia,AL,+55 11 3848-4219
3862,Agência 3862,"Viaduto Farias, 551",Gonçalves,MS,0900 330 8330
1232,Agência 1232,"Viaduto Julia Duarte, 94",Correia do Campo,PE,+55 41 6571 2082
8796,Agência 8796,"Pátio Rios, 52",Borges de Ribeiro,AP,81 7734 5401
5747,Agência 5747,"Aeroporto de da Rosa, 73",Ramos,MA,0500 380 2620
3983,Agência 3983,"Trevo de Rezende, 87",Aragão,PB,61 7240 0499
7741,Agência 7741,"Favela de Moraes, 22",da Cruz Grande,PB,+55 51 5478 8728
3999,Agência 3999,"Viaduto de Porto, 451",Azevedo,AL,(061) 4315-2742
4528,Agência 4528,"Fazenda Miguel Casa Grande, 1",Pastor,AL,+55 (021) 5493 2966
7281,Agência 7281,"Vale Diogo Marques, 49",da Conceição,MS,31 5161-2275
4603,Agência 4603,"Parque de Monteiro, 33",Vasconcelos Grande,TO,+55 51 0463 7454
2924,Agência 2924,"Aeroporto de Sá, 7",da Mota,MA,0800 904 5301
6094,Agência 6094,"Vila Moreira, 90",Cardoso,AP,(061) 4268-4145
2521,Agência 2521,"Quadra Carvalho, 98",Cavalcanti do Campo,RS,0800-332-7279
4270,Agência 4270,"Praia Mirella Lima, 872",Cardoso,AP,31 6878 3391
4103,Agência 4103,"Feira Yuri Vargas, 573",Fogaça,RN,51 7851 9108
8090,Agência 8090,"Lago da Costa, 65",Pastor,RN,21 3982-2587
8609,Agência 8609,"Conjunto Cassiano, 36",Almeida da Serra,PE,+55 61 3971 8707
5913,Agência 5913,"Campo Leão, 95",Aragão Grande,MG,+55 81 8679 0874
5622,Agência 5622,"Avenida Noah Leão, 19",Moura do Campo,PB,+55 (031) 6403 9106
1394,Agência 1394,"Parque de Mendes, 6",Melo,RJ,(084) 1801 7046
2799,Agência 2799,"Pátio Stephany Souza, 893",Vasconcelos de Fonseca,PI,+55 (061) 2656-7661
5391,Agência 5391,"Praça Maria Vitória Alves, 75",Machado,SE,71 2512-8682
9959,Agência 9959,"Quadra Cardoso, 780",Pimenta,SC,+55 21 0047-8686
2208,Agência 2208,"Viaduto de Alves, 7",Siqueira,AL,+55 31 3752-4310
7450,Agência 7450,"Estação Carlos Eduardo da Luz, 45",Marques do Sul,PB,84 9033 1190
5900,Agência 5900,"Loteamento Gabrielly da Mota, 24",Mendes,SE,(041) 9030-6738
9879,Agência 9879,"Setor Aragão, 23",Lima do Campo,RJ,+55 11 0284-3959
2084,Agência 2084,"Área de Sá, 4",Silva de Macedo,RS,0300-534-2836
7604,Agência 7604,"Vale Cassiano, 82",Barros,DF,(031) 4089 2687
9198,Agência 9198,"Travessa Cunha, 64",Pereira Grande,MT,+55 (071) 5685 6624
2410,Agência 2410,"Trevo de Souza, 3",Cardoso,RN,41 2873 3427
2627,Agência 2627,"Trecho Alves, 79",Pinto Verde,PR,+55 (081) 8668 8263
2352,Agência 2352,"Estrada de Barbosa, 531",Garcia do Galho,PE,+55 61 3517-5183
8061,Agência 8061,"Trevo de Campos, 905",Marques do Galho,BA,+55 (071) 4699 0139
3731,Agência 3731,"Núcleo de Azevedo, 750",Brito do Campo,AL,84 3735-4033
9280,Agência 9280,"Colônia Luana Fonseca, 72",Lopes,PB,+55 71 7393 6385
9257,Agência 9257,"Rua de Rezende, 99",da Conceição de Jesus,AM,(011) 6785 4458
9831,Agência 9831,"Quadra Luiza Siqueira, 445",Marques das Flores,SE,11 7175-3556
6859,Agência 6859,"Ladeira Machado, 77",Siqueira do Campo,TO,+55 (061) 9320 4899
7215,Agência 7215,"Residencial Duarte, 47",Lima Alegre,MT,84 4235 3693
9776,Agência 9776,"Loteamento Alana Peixoto, 18",Freitas Grande,RR,11 8547-7725
3188,Agência 3188,"Chácara da Costa, 97",Azevedo de Borges,AP,+55 (041) 2872-8080
2173,Agência 2173,"Vila Melo, 17",Borges,PE,+55 11 0062 3120
6444,Agência 6444,Fazenda Jade Sales,Brito da Praia,RS,+55 11 8750-9977
1801,Agência 1801,"Viaduto Emilly Melo, 785",Novais,CE,+55 (031) 0886 0084
1691,Agência 1691,"Loteamento de Fogaça, 54",Pastor,AL,61 4086-2118
9842,Agência 9842,"Condomínio Silveira, 25",Rios do Campo,ES,+55 (021) 3398-4546
4946,Agência 4946,"Vila de Cirino, 83",Fogaça das Pedras,RR,+55 21 5679 3341
6760,Agência 6760,"Trecho de Teixeira, 294",da Paz,PB,+55 (051) 1666 8700
7200,Agência 7200,"Lago da Conceição, 52",Fogaça do Campo,PB,+55 (041) 1765-9180
1670,Agência 1670,Setor de Cardoso,Cassiano,PE,+55 31 3974-0148
1733,Agência 1733,"Avenida Novaes, 82",Câmara de Caldeira,PE,0300 025 0392
7575,Agência 7575,Travessa da Paz,Novais da Praia,RN,61 1429 3968
6022,Agência 6022,"Praia Carolina Cirino, 5",Teixeira,CE,(071) 6218 5016
9468,Agência 9468,"Condomínio Davi Lucca Guerra, 11",Oliveira de Goiás,MS,+55 31 1599-9650
2841,Agência 2841,"Travessa da Rosa, 4",Novais da Prata,MS,+55 81 7735-8662
9472,Agência 9472,Pátio de Pereira,Pereira,MA,0800 619 4311
3307,Agência 3307,"Fazenda de Vasconcelos, 867",Alves da Serra,MG,+55 81 2626-5511
5612,Agência 5612,"Praça de das Neves, 290",Sampaio da Mata,PA,+55 (011) 4754 1212
4373,Agência 4373,"Vereda Cunha, 31",Ferreira do Sul,SP,(021) 7888-6101
3125,Agência 3125,"Sítio Barbosa, 70",Casa Grande,MT,11 8199 5604
6653,Agência 6653,"Trevo de Melo, 40",Azevedo Grande,RO,81 6183 9826
9775,Agência 9775,"Lago de Sampaio, 41",Borges,RN,+55 (041) 2444-7212
4046,Agência 4046,"Trecho de Ribeiro, 26",Garcia,AL,(021) 4647-1543
1185,Agência 1185,"Via Cassiano, 22",Marques Alegre,SE,11 9937-1240
8847,Agência 8847,Lagoa Peixoto,Freitas,RS,61 5965 7569
8060,Agência 8060,"Lago de Macedo, 8",Silveira Alegre,RS,+55 84 4593 7526
2662,Agência 2662,"Vila Isis da Mata, 887",Aragão,MT,(051) 4793 5646
7740,Agência 7740,Área de Lopes,Castro,AP,21 1939 8280
8751,Agência 8751,"Trevo Theodoro Alves, 4",Rocha,MT,(061) 3741-6724
3180,Agência 3180,"Trecho de Almeida, 19",da Mata,AM,+55 41 4266-1797
8383,Agência 8383,"Recanto Moreira, 34",Ribeiro de Lima,PI,0800 688 6805
7687,Agência 7687,"Vereda Mariane Borges, 75",Pereira de Macedo,RO,61 9113-5290
8005,Agência 8005,"Viaduto Gustavo Henrique Castro, 86",da Mata do Oeste,MG,0300 656 1014
6607,Agência 6607,"Passarela de Teixeira, 207",Ferreira,MA,+55 21 8889-9375
3642,Agência 3642,"Largo Igor Vargas, 18",Camargo da Mata,GO,61 7982 5071
5411,Agência 5411,"Quadra de Jesus, 4",Moura de Rios,SC,(021) 6112 5457
5120,Agência 5120,"Vale Melina Pires, 40",Aparecida de Goiás,RO,+55 (084) 8757-1775
3471,Agência 3471,"Conjunto de da Paz, 27",Peixoto do Norte,RN,+55 (084) 4010 5123
1972,Agência 1972,Trevo de da Costa,Costela,BA,41 2825-8673
5831,Agência 5831,"Lagoa Novaes, 9",Cunha Grande,MT,71 2266 0937
7317,Agência 7317,"Fazenda Camargo, 31",da Rocha Alegre,AP,0900 660 3341
1644,Agência 1644,"Lago de Moraes, 86",Abreu,RJ,0500 182 5537
8473,Agência 8473,"Quadra Novaes, 46",Souza de Lopes,RO,+55 61 4785 9696
6003,Agência 6003,"Conjunto de Azevedo, 66",Cardoso,BA,0900 155 7924
6430,Agência 6430,"Ladeira de Abreu, 84",Nascimento de Goiás,MS,0800-912-5134
4757,Agência 4757,"Praia Nascimento, 65",Barbosa das Flores,MA,+55 61 2528 6692
6651,Agência 6651,"Parque de Marques, 43",Lopes,RS,0500 662 7828
1838,Agência 1838,"Fazenda Juliana Aparecida, 77",Marques,RR,+55 (041) 7422-5790
5322,Agência 5322,"Via de Cassiano, 30",Dias,RO,11 0723 6887
7654,Agência 7654,"Loteamento de Brito, 91",Oliveira das Flores,MG,81 7677 2190
9243,Agência 9243,"Distrito Jesus, 81",da Rocha do Campo,BA,+55 21 4043-8427
4474,Agência 4474,"Loteamento Isabella Rezende, 6",Almeida Alegre,RN,0300 788 1914
2752,Agência 2752,"Setor de Garcia, 97",Pinto,RR,71 5807-8361
5191,Agência 5191,Campo de da Costa,Sales de Fonseca,AP,+55 51 4074 5171
6145,Agência 6145,"Lago de da Conceição, 7",Lopes,MA,+55 41 3959-6292
